{"stats":{"minecraft:mined":{"minecraft:grass_block":13,"minecraft:oak_log":1,"minecraft:dirt":7,"minecraft:packed_ice":1,"minecraft:spruce_log":2,"minecraft:stone":13,"minecraft:crafting_table":1},"minecraft:custom":{"minecraft:time_since_rest":11130,"minecraft:crouch_one_cm":349,"minecraft:play_time":15421,"minecraft:sprint_one_cm":21349,"minecraft:walk_one_cm":35562,"minecraft:damage_taken":340,"minecraft:deaths":1,"minecraft:sneak_time":173,"minecraft:walk_under_water_one_cm":9015,"minecraft:jump":172,"minecraft:damage_dealt":150,"minecraft:time_since_death":11408,"minecraft:walk_on_water_one_cm":2301,"minecraft:total_world_time":15421,"minecraft:swim_one_cm":17995,"minecraft:interact_with_crafting_table":3,"minecraft:fall_one_cm":2545,"minecraft:fly_one_cm":17450},"minecraft:crafted":{"minecraft:oak_planks":4,"minecraft:stone_axe":1,"minecraft:crafting_table":2,"minecraft:spruce_planks":12,"minecraft:stick":8,"minecraft:wooden_pickaxe":1,"minecraft:stone_pickaxe":1},"minecraft:picked_up":{"minecraft:crafting_table":1,"minecraft:rotten_flesh":1,"minecraft:oak_log":1,"alexsmobs:maggot":1,"minecraft:spruce_log":3,"minecraft:dirt":17,"minecraft:cobblestone":13},"minecraft:used":{"minecraft:stone_axe":1,"alexsmobs:maggot":1,"minecraft:dirt":17,"minecraft:crafting_table":2,"minecraft:stone_pickaxe":1,"alexsmobs:animal_dictionary":2,"minecraft:wooden_pickaxe":12}},"DataVersion":3465}