{"stats":{"minecraft:mined":{"minecraft:packed_mud":3,"minecraft:iron_ore":9,"minecraft:crafting_table":2,"minecraft:torch":1,"minecraft:granite":6,"minecraft:grass":7,"minecraft:oak_log":10,"minecraft:coal_ore":36,"minecraft:tall_grass":2,"minecraft:bamboo":4,"minecraft:stone":25,"minecraft:oak_leaves":1},"minecraft:used":{"minecraft:cooked_mutton":2,"minecraft:stone_pickaxe":76,"minecraft:oak_planks":11,"minecraft:packed_mud":1,"minecraft:wooden_pickaxe":3,"minecraft:torch":1,"minecraft:stone_axe":29,"minecraft:crafting_table":3,"minecraft:furnace":2,"minecraft:granite":4},"minecraft:custom":{"minecraft:time_since_rest":15275,"minecraft:interact_with_furnace":8,"minecraft:sprint_one_cm":17314,"minecraft:damage_taken":380,"minecraft:walk_one_cm":31709,"minecraft:mob_kills":7,"minecraft:damage_dealt":1160,"minecraft:interact_with_crafting_table":7,"minecraft:swim_one_cm":1451,"minecraft:fly_one_cm":36911,"minecraft:crouch_one_cm":3584,"minecraft:play_time":17118,"tombstone:undead_killed":1,"minecraft:deaths":1,"minecraft:sneak_time":1506,"minecraft:walk_under_water_one_cm":2739,"minecraft:jump":323,"minecraft:leave_game":1,"minecraft:walk_on_water_one_cm":1710,"minecraft:time_since_death":16004,"minecraft:total_world_time":17118,"minecraft:fall_one_cm":8233},"minecraft:crafted":{"minecraft:oak_planks":40,"minecraft:shield":1,"minecraft:crafting_table":1,"minecraft:stick":20,"minecraft:iron_pickaxe":1,"minecraft:iron_ingot":9,"minecraft:wooden_pickaxe":1,"minecraft:stone_pickaxe":1,"minecraft:furnace":2,"minecraft:torch":24,"minecraft:stone_axe":1,"minecraft:air":0,"minecraft:cooked_mutton":2},"minecraft:killed":{"minecraft:skeleton":1,"alexsmobs:gazelle":2,"alexsmobs:emu":4},"minecraft:picked_up":{"iceandfire:dragon_skull_lightning":1,"minecraft:crafting_table":2,"minecraft:raw_iron":9,"iceandfire:dragonbone":30,"minecraft:feather":2,"minecraft:torch":1,"minecraft:packed_mud":3,"minecraft:oak_log":10,"alexsmobs:gazelle_horn":1,"minecraft:bone":1,"minecraft:arrow":2,"alexsmobs:emu_feather":3,"minecraft:wheat_seeds":2,"minecraft:granite":6,"alexsmobs:emu_egg":5,"minecraft:bamboo":17,"minecraft:oak_sapling":2,"minecraft:mutton":2,"minecraft:coal":36,"minecraft:cobblestone":25}},"DataVersion":3465}