{"stats":{"minecraft:killed":{"minecraft:skeleton":1,"minecraft:zombie":1},"minecraft:custom":{"minecraft:time_since_rest":3915,"minecraft:deaths":1,"minecraft:crouch_one_cm":104,"minecraft:play_time":12516,"minecraft:sprint_one_cm":12577,"minecraft:damage_taken":365,"tombstone:undead_killed":2,"minecraft:walk_one_cm":22217,"minecraft:sneak_time":158,"minecraft:walk_under_water_one_cm":3460,"minecraft:mob_kills":2,"minecraft:jump":189,"minecraft:damage_dealt":134,"minecraft:time_since_death":4076,"minecraft:walk_on_water_one_cm":1338,"minecraft:total_world_time":12516,"minecraft:swim_one_cm":7850,"minecraft:interact_with_crafting_table":2,"minecraft:fall_one_cm":3371,"minecraft:fly_one_cm":28833},"minecraft:mined":{"minecraft:coal_ore":15,"minecraft:grass_block":1,"minecraft:dirt":5,"minecraft:spruce_leaves":1,"minecraft:spruce_log":4,"minecraft:stone":18,"minecraft:crafting_table":1},"minecraft:crafted":{"minecraft:stone_axe":1,"minecraft:spruce_planks":16,"minecraft:stick":12,"minecraft:stone_pickaxe":1,"minecraft:wooden_pickaxe":1},"minecraft:picked_up":{"minecraft:crafting_table":1,"minecraft:spruce_log":4,"minecraft:coal":15,"minecraft:dirt":6,"minecraft:cobblestone":18},"minecraft:used":{"minecraft:stone_axe":2,"minecraft:stone_pickaxe":20,"alexsmobs:animal_dictionary":2,"minecraft:wooden_pickaxe":24}},"DataVersion":3465}