{"stats":{"minecraft:dropped":{"alexsmobs:maggot":1},"minecraft:killed":{"minecraft:spider":1,"alexsmobs:fly":1,"minecraft:cow":4},"minecraft:custom":{"minecraft:time_since_rest":10204,"minecraft:play_time":10204,"minecraft:crouch_one_cm":1041,"minecraft:sprint_one_cm":12625,"minecraft:damage_taken":238,"minecraft:walk_one_cm":26815,"minecraft:sneak_time":294,"minecraft:walk_under_water_one_cm":3003,"minecraft:mob_kills":6,"minecraft:drop":1,"minecraft:jump":209,"minecraft:damage_dealt":599,"minecraft:time_since_death":10204,"minecraft:walk_on_water_one_cm":1440,"minecraft:total_world_time":10204,"minecraft:fall_one_cm":2237,"minecraft:swim_one_cm":17797,"minecraft:interact_with_crafting_table":1,"minecraft:fly_one_cm":31502},"minecraft:mined":{"minecraft:large_fern":1,"minecraft:dirt":1,"minecraft:spruce_log":22,"minecraft:fern":2},"minecraft:crafted":{"minecraft:spruce_planks":84,"minecraft:stick":8,"minecraft:wooden_axe":1},"minecraft:picked_up":{"minecraft:leather":6,"minecraft:beef":8,"alexsmobs:maggot":1,"minecraft:spruce_log":21,"minecraft:dirt":2,"minecraft:egg":1},"minecraft:used":{"minecraft:wooden_axe":26,"minecraft:dirt":1,"alexsmobs:animal_dictionary":1}},"DataVersion":3465}